Time	Step	Training loss	Validation loss	Full Validation loss
05:36:16	1812	2.8121	3.3299	2.7379
05:35:37	1811	0.8030	-	-
05:35:35	1810	3.7861	-	-
05:35:35	1809	3.0927	-	-
05:35:33	1808	3.4724	-	-
05:35:31	1807	2.6693	-	-
05:35:29	1806	3.3004	-	-
05:35:27	1805	2.7245	-	-
05:35:27	1804	2.5582	-	-
05:35:25	1803	3.4500	-	-
05:35:23	1802	2.7457	-	-
05:35:07	1801	3.2460	-	-
05:35:04	1800	3.3090	2.1710	-
05:34:56	1799	2.9613	-	-
05:34:54	1798	3.1011	-	-
05:34:52	1797	2.7549	-	-
05:34:52	1796	1.9764	-	-
05:34:50	1795	3.3382	-	-
05:34:48	1794	2.2016	-	-
05:34:46	1793	1.4459	-	-
05:34:44	1792	2.8817	-	-
05:34:44	1791	3.1843	-	-
05:34:42	1790	2.5509	-	-
05:34:40	1789	2.8329	-	-
05:34:38	1788	1.3212	-	-
05:34:36	1787	0.9117	-	-
05:34:34	1786	1.8497	-	-
05:34:34	1785	1.9764	-	-
05:34:32	1784	3.0223	-	-
05:34:30	1783	3.0967	-	-
05:34:28	1782	3.5815	-	-
05:34:26	1781	2.4977	-	-
05:34:26	1780	3.9280	-	-
05:34:24	1779	1.2408	-	-
05:34:22	1778	3.4104	-	-
05:34:20	1777	1.3663	-	-
05:34:18	1776	2.4466	-	-
05:34:18	1775	2.0362	-	-
05:34:16	1774	0.9164	-	-
05:34:14	1773	0.7122	-	-
05:34:12	1772	2.1655	-	-
05:34:10	1771	0.8671	-	-
05:34:10	1770	2.1706	-	-
05:34:08	1769	1.9550	-	-
05:34:05	1768	3.9808	-	-
05:34:03	1767	1.8630	-	-
05:34:01	1766	3.4660	-	-
05:33:59	1765	2.0825	-	-
05:33:59	1764	1.0321	-	-
05:33:57	1763	2.0032	-	-
05:33:55	1762	1.9386	-	-
05:33:53	1761	1.5423	-	-
05:33:51	1760	0.9131	-	-
05:33:51	1759	3.3681	-	-
05:33:49	1758	3.0908	-	-
05:33:47	1757	3.3236	-	-
05:33:45	1756	3.5231	-	-
05:33:43	1755	2.7414	-	-
05:33:43	1754	1.7304	-	-
05:33:41	1753	2.8813	-	-
05:33:39	1752	1.9689	-	-
05:33:37	1751	3.4890	-	-
05:33:35	1750	1.5165	-	-
05:33:33	1749	0.7043	-	-
05:33:33	1748	3.7053	-	-
05:33:31	1747	2.6382	-	-
05:33:29	1746	0.7885	-	-
05:33:27	1745	3.3080	-	-
05:33:25	1744	2.6215	-	-
05:33:25	1743	3.6583	-	-
05:33:23	1742	2.4669	-	-
05:33:21	1741	3.3194	-	-
05:33:19	1740	3.3165	-	-
05:33:17	1739	1.0651	-	-
05:33:15	1738	1.0024	-	-
05:33:13	1737	2.2711	-	-
05:33:13	1736	1.4981	-	-
05:33:11	1735	2.3244	-	-
05:33:08	1734	1.3720	-	-
05:33:06	1733	1.8118	-	-
05:33:06	1732	2.7131	-	-
05:33:04	1731	1.1698	-	-
05:33:02	1730	1.6694	-	-
05:33:00	1729	2.8223	-	-
05:32:58	1728	1.7159	-	-
05:32:56	1727	3.1804	-	-
05:32:56	1726	1.8131	-	-
05:32:54	1725	3.5199	-	-
05:32:52	1724	1.7995	-	-
05:32:50	1723	2.1348	-	-
05:32:48	1722	4.2708	-	-
05:32:46	1721	1.4719	-	-
05:32:46	1720	2.5553	-	-
05:32:44	1719	2.8353	-	-
05:32:42	1718	3.1368	-	-
05:32:40	1717	0.4144	-	-
05:32:38	1716	3.0710	-	-
05:32:38	1715	2.5115	-	-
05:32:36	1714	1.9755	-	-
05:32:34	1713	0.5874	-	-
05:32:32	1712	3.2343	-	-
05:32:30	1711	3.1384	-	-
05:32:30	1710	0.7837	-	-
05:32:28	1709	3.1617	-	-
05:32:26	1708	1.8833	-	-
05:32:24	1707	3.4409	-	-
05:32:22	1706	2.8205	-	-
05:32:22	1705	3.4604	-	-
05:32:20	1704	2.8708	-	-
05:32:18	1703	0.5632	-	-
05:32:16	1702	1.8309	-	-
05:32:14	1701	2.2558	-	-
05:32:11	1700	2.5435	3.7827	-
05:32:03	1699	3.2934	-	-
05:32:01	1698	2.0262	-	-
05:31:59	1697	1.9191	-	-
05:31:57	1696	3.5321	-	-
05:31:57	1695	2.0445	-	-
05:31:55	1694	3.1123	-	-
05:31:53	1693	1.2189	-	-
05:31:51	1692	0.6247	-	-
05:31:49	1691	3.4432	-	-
05:31:49	1690	3.4429	-	-
05:31:47	1689	2.2189	-	-
05:31:45	1688	2.1137	-	-
05:31:43	1687	3.7254	-	-
05:31:41	1686	3.4392	-	-
05:31:41	1685	3.1653	-	-
05:31:39	1684	1.8405	-	-
05:31:37	1683	4.0511	-	-
05:31:35	1682	2.4504	-	-
05:31:33	1681	2.2780	-	-
05:31:33	1680	4.0983	-	-
05:31:31	1679	3.8515	-	-
05:31:29	1678	3.2165	-	-
05:31:27	1677	3.8099	-	-
05:31:25	1676	1.3010	-	-
05:31:25	1675	2.8158	-	-
05:31:23	1674	2.7856	-	-
05:31:21	1673	2.7615	-	-
05:31:18	1672	0.6112	-	-
05:31:16	1671	1.8700	-	-
05:31:16	1670	3.1999	-	-
05:31:12	1669	3.0871	-	-
05:31:12	1668	2.2538	-	-
05:31:10	1667	2.7415	-	-
05:31:08	1666	3.3782	-	-
05:31:06	1665	1.8154	-	-
05:31:06	1664	3.0516	-	-
05:31:04	1663	1.2112	-	-
05:31:02	1662	0.3987	-	-
05:31:00	1661	3.1429	-	-
05:30:58	1660	0.2948	-	-
05:30:56	1659	2.4810	-	-
05:30:54	1658	2.0763	-	-
05:30:54	1657	3.9549	-	-
05:30:52	1656	3.3044	-	-
05:30:50	1655	1.1361	-	-
05:30:48	1654	0.9613	-	-
05:30:46	1653	0.7957	-	-
05:30:44	1652	0.3789	-	-
05:30:44	1651	3.5766	-	-
05:30:42	1650	2.9972	-	-
05:30:40	1649	1.7131	-	-
05:30:40	1648	2.6651	-	-
05:30:38	1647	1.6272	-	-
05:30:36	1646	2.2327	-	-
05:30:34	1645	3.4622	-	-
05:30:32	1644	0.7380	-	-
05:30:30	1643	2.3705	-	-
05:30:30	1642	0.5563	-	-
05:30:28	1641	2.3003	-	-
05:30:26	1640	2.9810	-	-
05:30:24	1639	3.6786	-	-
05:30:22	1638	3.6103	-	-
05:30:19	1637	1.6180	-	-
05:30:19	1636	0.8322	-	-
05:30:17	1635	0.2888	-	-
05:30:15	1634	1.8891	-	-
05:30:13	1633	0.8036	-	-
05:30:11	1632	0.8966	-	-
05:30:09	1631	3.2683	-	-
05:30:09	1630	2.8565	-	-
05:30:07	1629	1.0455	-	-
05:30:05	1628	3.6544	-	-
05:30:03	1627	2.8220	-	-
05:30:03	1626	2.9173	-	-
05:30:01	1625	2.6657	-	-
05:29:59	1624	1.6062	-	-
05:29:57	1623	3.1323	-	-
05:29:55	1622	3.0328	-	-
05:29:53	1621	1.6485	-	-
05:29:53	1620	3.9164	-	-
05:29:51	1619	4.0937	-	-
05:29:49	1618	3.4818	-	-
05:29:47	1617	3.3420	-	-
05:29:45	1616	3.3203	-	-
05:29:45	1615	2.2528	-	-
05:29:43	1614	3.2495	-	-
05:29:41	1613	1.1727	-	-
05:29:39	1612	3.1196	-	-
05:29:37	1611	3.6364	-	-
05:29:37	1610	1.7227	-	-
05:29:35	1609	2.6954	-	-
05:29:33	1608	2.9197	-	-
05:29:31	1607	1.2358	-	-
05:29:29	1606	3.4597	-	-
05:29:27	1605	2.2339	-	-
05:29:27	1604	1.2320	-	-
05:29:25	1603	1.6637	-	-
05:29:22	1602	2.2974	-	-
05:29:20	1601	0.6262	-	-
05:29:18	1600	0.5351	1.7586	-
05:29:10	1599	2.5723	-	-
05:29:08	1598	2.6582	-	-
05:29:06	1597	2.4463	-	-
05:29:06	1596	4.0899	-	-
05:29:04	1595	2.5766	-	-
05:29:02	1594	0.5248	-	-
05:29:00	1593	1.5588	-	-
05:28:58	1592	3.2038	-	-
05:28:58	1591	1.1723	-	-
05:28:56	1590	2.8177	-	-
05:28:54	1589	2.7361	-	-
05:28:52	1588	3.8450	-	-
05:28:50	1587	2.6583	-	-
05:28:48	1586	1.0430	-	-
05:28:48	1585	3.8789	-	-
05:28:46	1584	2.7677	-	-
05:28:44	1583	0.6040	-	-
05:28:42	1582	0.2772	-	-
05:28:40	1581	1.9396	-	-
05:28:40	1580	3.4749	-	-
05:28:38	1579	3.3426	-	-
05:28:36	1578	2.4126	-	-
05:28:34	1577	1.1011	-	-
05:28:32	1576	1.9398	-	-
05:28:32	1575	1.8694	-	-
05:28:30	1574	3.2831	-	-
05:28:28	1573	3.0954	-	-
05:28:25	1572	1.0913	-	-
05:28:23	1571	3.9351	-	-
05:28:23	1570	1.9488	-	-
05:28:21	1569	2.9652	-	-
05:28:19	1568	2.1604	-	-
05:28:17	1567	2.2945	-	-
05:28:15	1566	3.6710	-	-
05:28:15	1565	1.6559	-	-
05:28:13	1564	2.9605	-	-
05:28:11	1563	1.1100	-	-
05:28:09	1562	2.4337	-	-
05:28:07	1561	1.8044	-	-
05:28:05	1560	2.7857	-	-
05:28:05	1559	2.7162	-	-
05:28:03	1558	2.8854	-	-
05:28:01	1557	0.5600	-	-
05:27:59	1556	3.6048	-	-
05:27:57	1555	2.3036	-	-
05:27:57	1554	3.2686	-	-
05:27:55	1553	3.2331	-	-
05:27:53	1552	3.5928	-	-
05:27:51	1551	1.1124	-	-
05:27:49	1550	1.0571	-	-
05:27:49	1549	3.1795	-	-
05:27:47	1548	0.7108	-	-
05:27:45	1547	2.7804	-	-
05:27:43	1546	3.1477	-	-
05:27:41	1545	3.8767	-	-
05:27:39	1544	1.5339	-	-
05:27:39	1543	3.5345	-	-
05:27:37	1542	3.6354	-	-
05:27:35	1541	2.2568	-	-
05:27:33	1540	2.5855	-	-
05:27:33	1539	3.3535	-	-
05:27:31	1538	1.0402	-	-
05:27:28	1537	1.6435	-	-
05:27:26	1536	2.1877	-	-
05:27:24	1535	0.6352	-	-
05:27:24	1534	2.2824	-	-
05:27:20	1533	2.4348	-	-
05:27:20	1532	2.4210	-	-
05:27:18	1531	0.5828	-	-
05:27:16	1530	2.2835	-	-
05:27:14	1529	2.3317	-	-
05:27:12	1528	3.5089	-	-
05:27:12	1527	1.9424	-	-
05:27:10	1526	2.3620	-	-
05:27:08	1525	2.7413	-	-
05:27:06	1524	3.4544	-	-
05:27:04	1523	2.8585	-	-
05:27:04	1522	1.3327	-	-
05:27:02	1521	1.8541	-	-
05:27:00	1520	2.9325	-	-
05:26:58	1519	0.9162	-	-
05:26:56	1518	3.8217	-	-
05:26:54	1517	2.2794	-	-
05:26:54	1516	2.6404	-	-
05:26:52	1515	2.6803	-	-
05:26:50	1514	1.4133	-	-
05:26:48	1513	2.8529	-	-
05:26:46	1512	1.0853	-	-
05:26:44	1511	2.8670	-	-
05:26:40	1510	2.7031	-	2.7400
05:26:09	1509	3.4085	-	-
05:26:07	1508	3.6758	-	-
05:26:05	1507	3.1930	-	-
05:26:03	1506	1.2508	-	-
05:26:03	1505	1.3564	-	-
05:26:01	1504	3.4228	-	-
05:25:59	1503	2.8014	-	-
05:25:57	1502	3.0690	-	-
05:25:57	1501	0.8263	-	-
05:25:53	1500	1.5189	3.3725	-
05:25:45	1499	1.0931	-	-
05:25:43	1498	2.9107	-	-
05:25:43	1497	0.5131	-	-
05:25:41	1496	0.4214	-	-
05:25:39	1495	2.0169	-	-
05:25:37	1494	2.8282	-	-
05:25:35	1493	3.0765	-	-
05:25:35	1492	3.2896	-	-
05:25:33	1491	2.3153	-	-
05:25:30	1490	3.0845	-	-
05:25:28	1489	1.0209	-	-
05:25:26	1488	0.8526	-	-
05:25:26	1487	1.4187	-	-
05:25:24	1486	0.5824	-	-
05:25:22	1485	1.3951	-	-
05:25:20	1484	3.6486	-	-
05:25:18	1483	2.8059	-	-
05:25:18	1482	3.9383	-	-
05:25:16	1481	1.6401	-	-
05:25:14	1480	3.5754	-	-
05:25:12	1479	3.4301	-	-
05:25:10	1478	2.1552	-	-
05:25:10	1477	2.0318	-	-
05:25:08	1476	2.8265	-	-
05:25:06	1475	0.4777	-	-
05:25:04	1474	0.4981	-	-
05:25:02	1473	1.2550	-	-
05:25:02	1472	3.3198	-	-
05:25:00	1471	1.1502	-	-
05:24:58	1470	3.4378	-	-
05:24:56	1469	2.2287	-	-
05:24:56	1468	1.9700	-	-
05:24:54	1467	2.9138	-	-
05:24:52	1466	3.9805	-	-
05:24:50	1465	3.3421	-	-
05:24:48	1464	4.0594	-	-
05:24:46	1463	0.8620	-	-
05:24:44	1462	3.3754	-	-
05:24:44	1461	3.4456	-	-
05:24:42	1460	1.0320	-	-
05:24:40	1459	3.6597	-	-
05:24:38	1458	2.9885	-	-
05:24:36	1457	0.6352	-	-
05:24:36	1456	1.4114	-	-
05:24:34	1455	2.3327	-	-
05:24:32	1454	1.3639	-	-
05:24:29	1453	2.8950	-	-
05:24:29	1452	3.3192	-	-
05:24:25	1451	3.7946	-	-
05:24:25	1450	2.2211	-	-
05:24:23	1449	0.3759	-	-
05:24:21	1448	0.7243	-	-
05:24:19	1447	3.0954	-	-
05:24:17	1446	3.2761	-	-
05:24:17	1445	3.9913	-	-
05:24:15	1444	2.7328	-	-
05:24:13	1443	2.5017	-	-
05:24:11	1442	2.1540	-	-
05:24:11	1441	3.6784	-	-
05:24:09	1440	4.0461	-	-
05:24:07	1439	2.2206	-	-
05:24:05	1438	3.4955	-	-
05:24:03	1437	0.7517	-	-
05:24:01	1436	3.2941	-	-
05:24:01	1435	3.2147	-	-
05:23:59	1434	2.4922	-	-
05:23:57	1433	3.0561	-	-
05:23:55	1432	2.1793	-	-
05:23:53	1431	3.4496	-	-
05:23:53	1430	1.9180	-	-
05:23:51	1429	1.1990	-	-
05:23:49	1428	3.6751	-	-
05:23:47	1427	3.3187	-	-
05:23:45	1426	2.5952	-	-
05:23:45	1425	2.8282	-	-
05:23:43	1424	1.5591	-	-
05:23:41	1423	3.6718	-	-
05:23:39	1422	1.8743	-	-
05:23:37	1421	2.0210	-	-
05:23:35	1420	2.0481	-	-
05:23:35	1419	1.7807	-	-
05:23:32	1418	1.4708	-	-
05:23:30	1417	2.7468	-	-
05:23:28	1416	1.8558	-	-
05:23:28	1415	0.7912	-	-
05:23:26	1414	3.5982	-	-
05:23:24	1413	3.5407	-	-
05:23:22	1412	2.0145	-	-
05:23:20	1411	3.8365	-	-
05:23:18	1410	2.7078	-	-
05:23:18	1409	4.1692	-	-
05:23:16	1408	3.1985	-	-
05:23:14	1407	1.1113	-	-
05:23:12	1406	0.4473	-	-
05:23:10	1405	2.7306	-	-
05:23:08	1404	3.9427	-	-
05:23:08	1403	3.4887	-	-
05:23:06	1402	2.4082	-	-
05:23:04	1401	0.9778	-	-
05:23:02	1400	3.1025	3.4729	-
05:22:54	1399	1.1284	-	-
05:22:52	1398	4.3222	-	-
05:22:50	1397	3.5795	-	-
05:22:48	1396	1.4292	-	-
05:22:46	1395	0.3422	-	-
05:22:46	1394	2.2971	-	-
05:22:44	1393	3.1729	-	-
05:22:42	1392	3.4480	-	-
05:22:40	1391	3.0505	-	-
05:22:38	1390	2.9848	-	-
05:22:38	1389	2.7323	-	-
05:22:35	1388	3.7727	-	-
05:22:33	1387	3.0084	-	-
05:22:31	1386	1.0088	-	-
05:22:31	1385	2.0323	-	-
05:22:29	1384	2.8534	-	-
05:22:27	1383	2.3500	-	-
05:22:25	1382	3.4925	-	-
05:22:23	1381	3.6721	-	-
05:22:21	1380	2.7053	-	-
05:22:21	1379	2.7590	-	-
05:22:19	1378	1.0059	-	-
05:22:17	1377	1.2248	-	-
05:22:15	1376	2.4784	-	-
05:22:15	1375	2.1695	-	-
05:22:11	1374	3.7925	-	-
05:22:11	1373	1.6287	-	-
05:22:09	1372	1.4264	-	-
05:22:07	1371	3.2487	-	-
05:22:05	1370	0.5876	-	-
05:22:05	1369	2.5935	-	-
05:22:03	1368	3.4037	-	-
05:22:01	1367	2.8128	-	-
05:21:59	1366	1.7022	-	-
05:21:57	1365	3.2982	-	-
05:21:55	1364	2.7308	-	-
05:21:55	1363	2.7591	-	-
05:21:53	1362	2.7522	-	-
05:21:51	1361	2.1033	-	-
05:21:49	1360	3.6142	-	-
05:21:47	1359	1.7908	-	-
05:21:47	1358	2.8916	-	-
05:21:45	1357	3.0612	-	-
05:21:43	1356	2.7717	-	-
05:21:41	1355	2.3764	-	-
05:21:39	1354	2.8107	-	-
05:21:39	1353	1.8979	-	-
05:21:36	1352	3.4641	-	-
05:21:34	1351	2.6690	-	-
05:21:32	1350	2.9910	-	-
05:21:30	1349	1.2542	-	-
05:21:28	1348	1.5496	-	-
05:21:28	1347	2.2160	-	-
05:21:26	1346	1.8763	-	-
05:21:24	1345	0.5334	-	-
05:21:22	1344	2.7719	-	-
05:21:20	1343	3.3488	-	-
05:21:20	1342	0.9053	-	-
05:21:18	1341	0.5262	-	-
05:21:16	1340	1.3247	-	-
05:21:14	1339	1.2745	-	-
05:21:12	1338	1.4745	-	-
05:21:12	1337	2.7111	-	-
05:21:10	1336	1.9711	-	-
05:21:08	1335	2.3572	-	-
05:21:06	1334	2.9613	-	-
05:21:04	1333	3.4359	-	-
05:21:04	1332	1.5050	-	-
05:21:02	1331	2.7026	-	-
05:21:00	1330	1.8298	-	-
05:20:58	1329	1.4905	-	-
05:20:56	1328	0.4845	-	-
05:20:54	1327	2.0936	-	-
05:20:54	1326	3.5236	-	-
05:20:52	1325	0.3121	-	-
05:20:50	1324	1.7597	-	-
05:20:48	1323	2.0288	-	-
05:20:46	1322	0.5899	-	-
05:20:44	1321	2.3022	-	-
05:20:44	1320	0.7482	-	-
05:20:41	1319	2.1010	-	-
05:20:39	1318	1.8641	-	-
05:20:37	1317	2.8293	-	-
05:20:35	1316	2.1500	-	-
05:20:35	1315	3.0002	-	-
05:20:33	1314	3.2367	-	-
05:20:31	1313	2.3483	-	-
05:20:29	1312	3.4791	-	-
05:20:27	1311	3.0383	-	-
05:20:27	1310	2.6702	-	-
05:20:25	1309	0.3624	-	-
05:20:23	1308	2.3488	-	-
05:20:07	1307	0.6051	-	-
05:20:05	1306	2.9095	-	-
05:20:05	1305	3.1639	-	-
05:20:01	1304	3.1719	-	-
05:20:01	1303	3.2344	-	-
05:19:59	1302	1.7075	-	-
05:19:57	1301	1.8405	-	-
05:19:55	1300	3.2366	2.7931	-
05:19:47	1299	1.2276	-	-
05:19:45	1298	3.0168	-	-
05:19:43	1297	2.7327	-	-
05:19:41	1296	4.0240	-	-
05:19:40	1295	2.9195	-	-
05:19:38	1294	2.7095	-	-
05:19:38	1293	3.3457	-	-
05:19:36	1292	0.7754	-	-
05:19:33	1291	1.2723	-	-
05:19:31	1290	3.2465	-	-
05:19:29	1289	2.5444	-	-
05:19:27	1288	2.6985	-	-
05:19:27	1287	2.2245	-	-
05:19:25	1286	3.5005	-	-
05:19:23	1285	3.4170	-	-
05:19:21	1284	0.7083	-	-
05:19:19	1283	3.6459	-	-
05:19:19	1282	3.4610	-	-
05:19:17	1281	1.9756	-	-
05:19:15	1280	2.0846	-	-
05:19:13	1279	2.4897	-	-
05:19:11	1278	3.4425	-	-
05:19:09	1277	2.4699	-	-
05:19:09	1276	3.1615	-	-
05:19:07	1275	2.7101	-	-
05:19:05	1274	2.9209	-	-
05:19:03	1273	2.2077	-	-
05:19:01	1272	1.2752	-	-
05:18:59	1271	2.8153	-	-
05:18:59	1270	3.3906	-	-
05:18:57	1269	2.7305	-	-
05:18:55	1268	1.2544	-	-
05:18:53	1267	0.2966	-	-
05:18:51	1266	2.4206	-	-
05:18:51	1265	2.6381	-	-
05:18:49	1264	1.6529	-	-
05:18:47	1263	2.2057	-	-
05:18:45	1262	1.6320	-	-
05:18:43	1261	0.6373	-	-
05:18:43	1260	1.3613	-	-
05:18:41	1259	3.6512	-	-
05:18:38	1258	3.4792	-	-
05:18:36	1257	1.7017	-	-
05:18:34	1256	3.5167	-	-
05:18:32	1255	3.3015	-	-
05:18:32	1254	3.0793	-	-
05:18:30	1253	3.8501	-	-
05:18:28	1252	3.4723	-	-
05:18:26	1251	3.0499	-	-
05:18:26	1250	3.6601	-	-
05:18:24	1249	1.2765	-	-
05:18:22	1248	0.8557	-	-
05:18:20	1247	0.3380	-	-
05:18:18	1246	0.3975	-	-
05:18:16	1245	2.2006	-	-
05:18:16	1244	1.7071	-	-
05:18:14	1243	3.4687	-	-
05:18:12	1242	3.3463	-	-
05:18:10	1241	3.5364	-	-
05:18:10	1240	1.4240	-	-
05:18:08	1239	3.7557	-	-
05:18:06	1238	2.6547	-	-
05:18:04	1237	3.3566	-	-
05:18:02	1236	3.6080	-	-
05:18:00	1235	1.4370	-	-
05:17:58	1234	0.2988	-	-
05:17:58	1233	3.5510	-	-
05:17:56	1232	1.0529	-	-
05:17:54	1231	2.2488	-	-
05:17:52	1230	0.6065	-	-
05:17:50	1229	1.7473	-	-
05:17:50	1228	3.2094	-	-
05:17:48	1227	3.2549	-	-
05:17:46	1226	2.3494	-	-
05:17:44	1225	1.5291	-	-
05:17:41	1224	2.2507	-	-
05:17:41	1223	2.6130	-	-
05:17:39	1222	1.8882	-	-
05:17:37	1221	3.8121	-	-
05:17:35	1220	3.1213	-	-
05:17:33	1219	1.3872	-	-
05:17:33	1218	1.8961	-	-
05:17:31	1217	0.7335	-	-
05:17:29	1216	2.2372	-	-
05:17:27	1215	2.4106	-	-
05:17:25	1214	1.9777	-	-
05:17:23	1213	3.2287	-	-
05:17:23	1212	1.8015	-	-
05:17:21	1211	3.2796	-	-
05:17:19	1210	1.8159	-	-
05:17:17	1209	2.3600	-	-
05:17:13	1208	2.4247	-	2.7548
05:16:40	1207	3.5956	-	-
05:16:38	1206	0.3988	-	-
05:16:38	1205	2.3187	-	-
05:16:36	1204	2.6917	-	-
05:16:34	1203	0.5703	-	-
05:16:32	1202	1.0845	-	-
05:16:30	1201	2.7553	-	-
05:16:28	1200	2.8712	3.7284	-
05:16:20	1199	3.3791	-	-
05:16:18	1198	1.8750	-	-
05:16:16	1197	3.3200	-	-
05:16:16	1196	1.7756	-	-
05:16:14	1195	1.0564	-	-
05:16:12	1194	2.8476	-	-
05:16:10	1193	3.4265	-	-
05:16:08	1192	1.0603	-	-
05:16:08	1191	3.8024	-	-
05:16:06	1190	3.3895	-	-
05:16:04	1189	3.6887	-	-
05:16:02	1188	2.0181	-	-
05:16:02	1187	3.9481	-	-
05:16:00	1186	0.6311	-	-
05:15:58	1185	2.8316	-	-
05:15:56	1184	1.0461	-	-
05:15:54	1183	1.2037	-	-
05:15:52	1182	3.8906	-	-
05:15:52	1181	3.5867	-	-
05:15:50	1180	0.3302	-	-
05:15:48	1179	1.2502	-	-
05:15:45	1178	1.9324	-	-
05:15:43	1177	1.3727	-	-
05:15:43	1176	3.3387	-	-
05:15:41	1175	3.3136	-	-
05:15:39	1174	1.6821	-	-
05:15:37	1173	2.5858	-	-
05:15:35	1172	2.1379	-	-
05:15:33	1171	1.0405	-	-
05:15:33	1170	2.5284	-	-
05:15:31	1169	3.7548	-	-
05:15:29	1168	2.3167	-	-
05:15:27	1167	1.9335	-	-
05:15:25	1166	2.1601	-	-
05:15:25	1165	3.0281	-	-
05:15:23	1164	3.6833	-	-
05:15:21	1163	2.3176	-	-
05:15:19	1162	2.8520	-	-
05:15:17	1161	3.3323	-	-
05:15:17	1160	2.6926	-	-
05:15:15	1159	3.5916	-	-
05:15:13	1158	3.1480	-	-
05:15:11	1157	1.0515	-	-
05:15:09	1156	3.1425	-	-
05:15:09	1155	3.8641	-	-
05:15:07	1154	3.4140	-	-
05:15:05	1153	0.8456	-	-
05:15:03	1152	3.3837	-	-
05:15:03	1151	2.4438	-	-
05:15:01	1150	0.5885	-	-
05:14:59	1149	1.7164	-	-
05:14:57	1148	3.3155	-	-
05:14:55	1147	3.2080	-	-
05:14:53	1146	0.5072	-	-
05:14:53	1145	3.3361	-	-
05:14:51	1144	2.2302	-	-
05:14:48	1143	4.0204	-	-
05:14:46	1142	1.1604	-	-
05:14:44	1141	0.3620	-	-
05:14:42	1140	4.0509	-	-
05:14:42	1139	2.1388	-	-
05:14:40	1138	2.1058	-	-
05:14:38	1137	1.7378	-	-
05:14:36	1136	1.5516	-	-
05:14:34	1135	0.4306	-	-
05:14:34	1134	0.3943	-	-
05:14:32	1133	1.6757	-	-
05:14:30	1132	2.7390	-	-
05:14:28	1131	2.9212	-	-
05:14:26	1130	1.9120	-	-
05:14:24	1129	3.0574	-	-
05:14:24	1128	1.8039	-	-
05:14:22	1127	3.2197	-	-
05:14:20	1126	2.9073	-	-
05:14:18	1125	0.5593	-	-
05:14:16	1124	3.9551	-	-
05:14:16	1123	3.5209	-	-
05:14:14	1122	3.7455	-	-
05:14:12	1121	3.0110	-	-
05:14:10	1120	1.6895	-	-
05:14:08	1119	0.9633	-	-
05:14:06	1118	1.7471	-	-
05:14:06	1117	2.8170	-	-
05:14:04	1116	2.3827	-	-
05:14:02	1115	3.2642	-	-
05:14:00	1114	3.3155	-	-
05:14:00	1113	2.4343	-	-
05:13:58	1112	1.8750	-	-
05:13:56	1111	3.2555	-	-
05:13:54	1110	3.3595	-	-
05:13:52	1109	1.9324	-	-
05:13:49	1108	2.1706	-	-
05:13:49	1107	3.7095	-	-
05:13:47	1106	2.7179	-	-
05:13:45	1105	3.1883	-	-
05:13:43	1104	3.1200	-	-
05:13:41	1103	3.1612	-	-
05:13:39	1102	0.2943	-	-
05:13:39	1101	3.3955	-	-
05:13:35	1100	3.1291	3.0020	-
05:13:27	1099	1.3947	-	-
05:13:25	1098	1.8561	-	-
05:13:23	1097	2.9933	-	-
05:13:23	1096	3.8260	-	-
05:13:21	1095	2.3239	-	-
05:13:19	1094	3.7841	-	-
05:13:17	1093	2.8885	-	-
05:13:15	1092	2.8384	-	-
05:13:13	1091	2.5408	-	-
05:13:13	1090	3.1171	-	-
05:13:11	1089	1.1932	-	-
05:13:09	1088	0.8004	-	-
05:13:07	1087	2.9380	-	-
05:13:05	1086	1.4058	-	-
05:13:05	1085	4.0593	-	-
05:13:03	1084	1.0329	-	-
05:13:01	1083	2.3531	-	-
05:12:59	1082	0.6290	-	-
05:12:57	1081	3.6503	-	-
05:12:56	1080	3.8791	-	-
05:12:54	1079	1.9557	-	-
05:12:52	1078	2.9916	-	-
05:12:50	1077	4.4631	-	-
05:12:48	1076	2.0687	-	-
05:12:46	1075	3.3057	-	-
05:12:46	1074	1.6729	-	-
05:12:44	1073	3.6207	-	-
05:12:42	1072	3.6396	-	-
05:12:40	1071	1.2076	-	-
05:12:38	1070	3.2970	-	-
05:12:38	1069	2.2519	-	-
05:12:36	1068	3.3501	-	-
05:12:34	1067	0.3028	-	-
05:12:32	1066	3.3579	-	-
05:12:30	1065	1.0106	-	-
05:12:30	1064	2.2041	-	-
05:12:28	1063	3.8082	-	-
05:12:26	1062	0.6570	-	-
05:12:24	1061	2.4290	-	-
05:12:22	1060	3.6204	-	-
05:12:20	1059	1.7132	-	-
05:12:20	1058	3.6139	-	-
05:12:18	1057	2.4718	-	-
05:12:16	1056	3.5005	-	-
05:12:14	1055	2.3849	-	-
05:12:12	1054	2.7377	-	-
05:12:10	1053	2.1641	-	-
05:12:10	1052	1.8050	-	-
05:12:08	1051	1.8845	-	-
05:12:06	1050	2.2707	-	-
05:12:03	1049	2.4807	-	-
05:12:01	1048	1.5589	-	-
05:12:01	1047	3.4896	-	-
05:11:59	1046	0.8752	-	-
05:11:57	1045	3.2182	-	-
05:11:55	1044	0.8623	-	-
05:11:53	1043	1.9073	-	-
05:11:53	1042	1.3149	-	-
05:11:51	1041	1.8432	-	-
05:11:49	1040	3.1104	-	-
05:11:47	1039	3.1789	-	-
05:11:45	1038	3.3180	-	-
05:11:43	1037	2.8494	-	-
05:11:43	1036	0.7409	-	-
05:11:41	1035	2.7814	-	-
05:11:39	1034	2.7173	-	-
05:11:37	1033	2.1300	-	-
05:11:35	1032	3.2951	-	-
05:11:35	1031	0.6623	-	-
05:11:33	1030	3.5953	-	-
05:11:31	1029	3.6823	-	-
05:11:29	1028	3.5190	-	-
05:11:27	1027	1.7775	-	-
05:11:27	1026	1.9435	-	-
05:11:25	1025	3.1105	-	-
05:11:23	1024	2.4410	-	-
05:11:21	1023	2.2181	-	-
05:11:19	1022	2.8196	-	-
05:11:17	1021	1.9590	-	-
05:11:15	1020	1.3423	-	-
05:11:15	1019	1.0439	-	-
05:11:13	1018	3.6847	-	-
05:11:10	1017	0.9086	-	-
05:11:08	1016	0.6263	-	-
05:11:06	1015	2.6324	-	-
05:11:06	1014	1.8547	-	-
05:11:04	1013	2.8189	-	-
05:11:02	1012	2.1097	-	-
05:11:00	1011	1.9119	-	-
05:10:58	1010	3.2261	-	-
05:10:56	1009	1.8513	-	-
05:10:56	1008	3.9877	-	-
05:10:54	1007	3.2993	-	-
05:10:52	1006	2.5718	-	-
05:10:50	1005	1.7288	-	-
05:10:50	1004	2.7600	-	-
05:10:48	1003	1.7557	-	-
05:10:46	1002	3.6294	-	-
05:10:44	1001	2.2059	-	-
05:10:42	1000	1.7877	2.5175	-
05:10:34	999	1.1375	-	-
05:10:32	998	2.2003	-	-
05:10:30	997	2.8390	-	-
05:10:28	996	3.0637	-	-
05:10:28	995	1.8104	-	-
05:10:26	994	2.8262	-	-
05:10:24	993	1.1311	-	-
05:10:22	992	2.3355	-	-
05:10:22	991	3.0799	-	-
05:10:20	990	2.3558	-	-
05:10:17	989	1.8212	-	-
05:10:15	988	1.7841	-	-
05:10:13	987	2.5470	-	-
05:10:11	986	1.8798	-	-
05:10:11	985	2.3452	-	-
05:10:09	984	3.7329	-	-
05:10:07	983	0.6165	-	-
05:10:05	982	1.8852	-	-
05:10:03	981	1.5839	-	-
05:10:03	980	0.8651	-	-
05:10:01	979	1.9585	-	-
05:09:59	978	0.7446	-	-
05:09:57	977	2.7493	-	-
05:09:55	976	4.4423	-	-
05:09:53	975	3.3206	-	-
05:09:51	974	2.1570	-	-
05:09:51	973	3.2550	-	-
05:09:49	972	0.5048	-	-
05:09:47	971	2.8973	-	-
05:09:45	970	3.0928	-	-
05:09:43	969	2.7655	-	-
05:09:43	968	2.3035	-	-
05:09:41	967	2.9583	-	-
05:09:39	966	2.3451	-	-
05:09:37	965	1.6999	-	-
05:09:35	964	1.9396	-	-
05:09:35	963	3.6605	-	-
05:09:33	962	3.0429	-	-
05:09:31	961	1.5226	-	-
05:09:29	960	3.7322	-	-
05:09:27	959	1.9194	-	-
05:09:27	958	3.4179	-	-
05:09:25	957	0.6470	-	-
05:09:22	956	3.1752	-	-
05:09:20	955	2.9794	-	-
05:09:18	954	3.4684	-	-
05:09:18	953	2.9841	-	-
05:09:16	952	2.9948	-	-
05:09:14	951	0.5003	-	-
05:09:12	950	3.5224	-	-
05:09:10	949	1.1598	-	-
05:09:08	948	1.2780	-	-
05:09:08	947	0.9029	-	-
05:09:06	946	1.4357	-	-
05:09:04	945	3.4976	-	-
05:09:02	944	3.4996	-	-
05:09:00	943	3.1220	-	-
05:08:58	942	2.9170	-	-
05:08:58	941	3.3462	-	-
05:08:56	940	4.1027	-	-
05:08:54	939	2.7176	-	-
05:08:52	938	0.9461	-	-
05:08:50	937	0.9580	-	-
05:08:48	936	3.2005	-	-
05:08:48	935	3.1426	-	-
05:08:46	934	1.9859	-	-
05:08:44	933	3.9718	-	-
05:08:42	932	3.5244	-	-
05:08:42	931	3.2066	-	-
05:08:40	930	2.2097	-	-
05:08:38	929	2.3128	-	-
05:08:36	928	3.7211	-	-
05:08:34	927	3.5226	-	-
05:08:31	926	2.6834	-	-
05:08:31	925	3.3446	-	-
05:08:29	924	3.4088	-	-
05:08:27	923	2.7812	-	-
05:08:25	922	3.3521	-	-
05:08:23	921	0.9715	-	-
05:08:23	920	1.9274	-	-
05:08:21	919	1.8967	-	-
05:08:19	918	2.6481	-	-
05:08:17	917	2.1715	-	-
05:08:15	916	2.1648	-	-
05:08:13	915	3.2516	-	-
05:08:13	914	1.1287	-	-
05:08:11	913	2.5531	-	-
05:08:09	912	3.5676	-	-
05:08:07	911	3.1963	-	-
05:08:05	910	2.3765	-	-
05:08:03	909	3.4324	-	-
05:08:03	908	4.0777	-	-
05:08:01	907	0.3319	-	-
05:07:57	906	4.0436	-	2.7768
05:07:24	905	3.6259	-	-
05:07:22	904	2.4537	-	-
05:07:22	903	3.7918	-	-
05:07:20	902	3.2373	-	-
05:07:18	901	0.4162	-	-
05:07:16	900	3.1669	3.6905	-
05:07:08	899	3.1153	-	-
05:07:06	898	3.2736	-	-
05:07:04	897	3.3535	-	-
05:07:02	896	3.1236	-	-
05:07:02	895	1.8589	-	-
05:07:00	894	1.6567	-	-
05:06:58	893	0.5694	-	-
05:06:56	892	2.4612	-	-
05:06:54	891	0.7429	-	-
05:06:52	890	3.6756	-	-
05:06:50	889	1.4713	-	-
05:06:50	888	2.3805	-	-
05:06:47	887	2.8653	-	-
05:06:45	886	2.5410	-	-
05:06:43	885	1.5734	-	-
05:06:41	884	1.4216	-	-
05:06:41	883	0.3317	-	-
05:06:39	882	3.6272	-	-
05:06:37	881	1.4011	-	-
05:06:35	880	3.9949	-	-
05:06:33	879	2.2864	-	-
05:06:31	878	2.3042	-	-
05:06:31	877	4.2284	-	-
05:06:29	876	2.9838	-	-
05:06:27	875	1.8613	-	-
05:06:25	874	3.8604	-	-
05:06:23	873	3.1436	-	-
05:06:21	872	4.0728	-	-
05:06:21	871	1.9144	-	-
05:06:19	870	3.1182	-	-
05:06:17	869	1.5253	-	-
05:06:15	868	3.5640	-	-
05:06:13	867	2.2173	-	-
05:06:13	866	1.8470	-	-
05:06:11	865	3.6348	-	-
05:06:09	864	0.9219	-	-
05:06:07	863	3.4849	-	-
05:06:05	862	3.5126	-	-
05:06:05	861	3.5037	-	-
05:06:03	860	3.4986	-	-
05:06:01	859	2.1151	-	-
05:05:59	858	2.2682	-	-
05:05:57	857	2.9302	-	-
05:05:57	856	0.8686	-	-
05:05:54	855	2.2759	-	-
05:05:52	854	2.7850	-	-
05:05:50	853	3.0553	-	-
05:05:48	852	3.7320	-	-
05:05:48	851	3.0512	-	-
05:05:46	850	1.8544	-	-
05:05:44	849	2.4595	-	-
05:05:42	848	1.7000	-	-
05:05:40	847	2.5875	-	-
05:05:40	846	0.4989	-	-
05:05:36	845	3.2391	-	-
05:05:36	844	0.6648	-	-
05:05:34	843	3.9462	-	-
05:05:32	842	0.5332	-	-
05:05:30	841	3.0655	-	-
05:05:28	840	1.8022	-	-
05:05:28	839	2.5318	-	-
05:05:26	838	4.1613	-	-
05:05:24	837	2.4958	-	-
05:05:22	836	2.6086	-	-
05:05:06	835	1.2687	-	-
05:05:06	834	2.0372	-	-
05:05:04	833	2.2129	-	-
05:05:02	832	2.1271	-	-
05:04:59	831	3.3746	-	-
05:04:59	830	0.8153	-	-
05:04:55	829	2.4253	-	-
05:04:53	828	2.1743	-	-
05:04:53	827	2.9149	-	-
05:04:51	826	2.8242	-	-
05:04:49	825	1.8095	-	-
05:04:47	824	2.3849	-	-
05:04:47	823	3.0104	-	-
05:04:45	822	1.3463	-	-
05:04:43	821	3.9454	-	-
05:04:41	820	1.8551	-	-
05:04:39	819	2.2930	-	-
05:04:37	818	0.5833	-	-
05:04:37	817	3.3931	-	-
05:04:35	816	1.2233	-	-
05:04:33	815	1.0921	-	-
05:04:31	814	3.0140	-	-
05:04:31	813	3.1939	-	-
05:04:29	812	0.4762	-	-
05:04:27	811	3.6661	-	-
05:04:25	810	2.0783	-	-
05:04:23	809	2.5053	-	-
05:04:21	808	3.3564	-	-
05:04:21	807	1.6333	-	-
05:04:19	806	3.0823	-	-
05:04:17	805	3.3228	-	-
05:04:15	804	3.5138	-	-
05:04:13	803	2.1721	-	-
05:04:10	802	2.4924	-	-
05:04:10	801	1.6978	-	-
05:04:08	800	3.3000	0.4948	-
05:03:58	799	0.7606	-	-
05:03:56	798	3.5274	-	-
05:03:56	797	1.7504	-	-
05:03:54	796	2.6032	-	-
05:03:52	795	1.2688	-	-
05:03:50	794	3.5444	-	-
05:03:48	793	0.7467	-	-
05:03:48	792	3.2751	-	-
05:03:46	791	1.4897	-	-
05:03:44	790	3.7263	-	-
05:03:42	789	2.8939	-	-
05:03:40	788	2.9987	-	-
05:03:40	787	0.4540	-	-
05:03:38	786	1.6038	-	-
05:03:36	785	1.3775	-	-
05:03:34	784	3.8588	-	-
05:03:32	783	1.1304	-	-
05:03:30	782	2.4230	-	-
05:03:30	781	2.5768	-	-
05:03:28	780	2.0101	-	-
05:03:26	779	1.0608	-	-
05:03:24	778	3.4148	-	-
05:03:22	777	2.3075	-	-
05:03:21	776	3.5205	-	-
05:03:19	775	2.7577	-	-
05:03:17	774	4.0481	-	-
05:03:15	773	0.4597	-	-
05:03:13	772	3.0782	-	-
05:03:11	771	2.3558	-	-
05:03:11	770	3.3042	-	-
05:03:09	769	0.4442	-	-
05:03:07	768	3.1105	-	-
05:03:05	767	0.3904	-	-
05:03:03	766	2.5586	-	-
05:03:03	765	2.6949	-	-
05:03:01	764	2.7647	-	-
05:02:59	763	1.1427	-	-
05:02:57	762	1.3643	-	-
05:02:55	761	3.5422	-	-
05:02:55	760	2.7379	-	-
05:02:53	759	2.9302	-	-
05:02:51	758	3.6847	-	-
05:02:49	757	3.0374	-	-
05:02:47	756	1.3392	-	-
05:02:45	755	3.4817	-	-
05:02:45	754	2.0222	-	-
05:02:43	753	3.1530	-	-
05:02:41	752	3.7470	-	-
05:02:39	751	1.2070	-	-
05:02:37	750	3.2369	-	-
05:02:35	749	2.1046	-	-
05:02:35	748	1.2020	-	-
05:02:33	747	1.1518	-	-
05:02:31	746	0.4809	-	-
05:02:29	745	1.6145	-	-
05:02:26	744	2.7905	-	-
05:02:26	743	1.7888	-	-
05:02:24	742	1.8567	-	-
05:02:22	741	2.9781	-	-
05:02:20	740	1.7513	-	-
05:02:18	739	1.5382	-	-
05:02:18	738	3.4442	-	-
05:02:16	737	0.7053	-	-
05:02:14	736	0.5577	-	-
05:02:12	735	1.7958	-	-
05:02:10	734	0.3099	-	-
05:02:10	733	3.6010	-	-
05:02:08	732	0.9938	-	-
05:02:06	731	1.4390	-	-
05:02:04	730	2.9168	-	-
05:02:02	729	2.2355	-	-
05:02:00	728	3.0673	-	-
05:02:00	727	0.7041	-	-
05:01:58	726	3.4320	-	-
05:01:56	725	2.7592	-	-
05:01:54	724	1.8674	-	-
05:01:52	723	3.0832	-	-
05:01:52	722	1.2446	-	-
05:01:50	721	3.1236	-	-
05:01:48	720	1.0448	-	-
05:01:46	719	1.5350	-	-
05:01:44	718	1.8833	-	-
05:01:42	717	3.3169	-	-
05:01:42	716	3.3065	-	-
05:01:40	715	1.5137	-	-
05:01:38	714	2.0898	-	-
05:01:36	713	4.2330	-	-
05:01:36	712	3.3238	-	-
05:01:34	711	2.7212	-	-
05:01:31	710	3.2268	-	-
05:01:29	709	3.7407	-	-
05:01:27	708	1.6601	-	-
05:01:25	707	0.9652	-	-
05:01:25	706	3.1366	-	-
05:01:23	705	2.8887	-	-
05:01:21	704	2.1175	-	-
05:01:19	703	3.6335	-	-
05:01:17	702	1.7228	-	-
05:01:17	701	2.0507	-	-
05:01:13	700	0.5938	3.7664	-
05:01:05	699	2.6297	-	-
05:01:03	698	2.2241	-	-
05:01:01	697	2.8478	-	-
05:01:01	696	1.8739	-	-
05:00:59	695	3.0469	-	-
05:00:57	694	3.6634	-	-
05:00:55	693	1.4782	-	-
05:00:55	692	3.7025	-	-
05:00:53	691	2.3979	-	-
05:00:51	690	4.0002	-	-
05:00:49	689	3.2142	-	-
05:00:47	688	3.4236	-	-
05:00:45	687	3.6779	-	-
05:00:45	686	0.4581	-	-
05:00:43	685	1.2701	-	-
05:00:41	684	3.1927	-	-
05:00:39	683	3.4842	-	-
05:00:37	682	2.2443	-	-
05:00:37	681	3.4910	-	-
05:00:35	680	3.1603	-	-
05:00:33	679	3.6686	-	-
05:00:31	678	2.9315	-	-
05:00:28	677	3.1692	-	-
05:00:28	676	1.8115	-	-
05:00:26	675	2.3131	-	-
05:00:24	674	2.8831	-	-
05:00:22	673	3.6200	-	-
05:00:20	672	3.1453	-	-
05:00:18	671	2.0199	-	-
05:00:16	670	2.2441	-	-
05:00:16	669	2.8420	-	-
05:00:14	668	0.5561	-	-
05:00:12	667	1.8932	-	-
05:00:10	666	1.8786	-	-
05:00:08	665	2.2484	-	-
05:00:08	664	2.0277	-	-
05:00:06	663	2.0571	-	-
05:00:04	662	2.5353	-	-
05:00:02	661	3.5963	-	-
05:00:00	660	3.0598	-	-
05:00:00	659	1.3759	-	-
04:59:58	658	0.8683	-	-
04:59:56	657	4.0863	-	-
04:59:54	656	3.0991	-	-
04:59:52	655	3.4077	-	-
04:59:52	654	3.1716	-	-
04:59:49	653	3.4877	-	-
04:59:47	652	1.9315	-	-
04:59:45	651	3.1791	-	-
04:59:45	650	2.8667	-	-
04:59:43	649	3.7609	-	-
04:59:41	648	3.5763	-	-
04:59:39	647	2.3543	-	-
04:59:37	646	2.6585	-	-
04:59:35	645	2.7836	-	-
04:59:35	644	1.2711	-	-
04:59:33	643	3.2427	-	-
04:59:31	642	0.4047	-	-
04:59:29	641	1.6491	-	-
04:59:27	640	1.7087	-	-
04:59:27	639	4.1286	-	-
04:59:25	638	3.1157	-	-
04:59:23	637	2.4264	-	-
04:59:21	636	0.4376	-	-
04:59:19	635	1.4232	-	-
04:59:19	634	2.6400	-	-
04:59:17	633	3.0711	-	-
04:59:15	632	1.5818	-	-
04:59:13	631	2.9093	-	-
04:59:13	630	1.8490	-	-
04:59:09	629	1.6162	-	-
04:59:09	628	3.4095	-	-
04:59:07	627	3.7551	-	-
04:59:05	626	2.1126	-	-
04:59:03	625	3.3100	-	-
04:59:01	624	3.1267	-	-
04:59:01	623	2.6662	-	-
04:58:59	622	1.8232	-	-
04:58:57	621	3.5942	-	-
04:58:55	620	2.7445	-	-
04:58:53	619	3.2431	-	-
04:58:50	618	1.3358	-	-
04:58:48	617	3.5939	-	-
04:58:48	616	3.5954	-	-
04:58:46	615	2.8166	-	-
04:58:44	614	2.6877	-	-
04:58:42	613	2.8978	-	-
04:58:40	612	3.0682	-	-
04:58:40	611	3.5058	-	-
04:58:38	610	3.1423	-	-
04:58:36	609	3.5406	-	-
04:58:34	608	3.9661	-	-
04:58:32	607	1.9626	-	-
04:58:30	606	2.8164	-	-
04:58:30	605	2.2046	-	-
04:58:26	604	2.7492	-	2.8384
04:57:53	603	0.6191	-	-
04:57:51	602	2.7413	-	-
04:57:51	601	3.2667	-	-
04:57:47	600	3.7439	3.7330	-
04:57:39	599	1.8485	-	-
04:57:37	598	2.5608	-	-
04:57:37	597	2.2518	-	-
04:57:35	596	3.4416	-	-
04:57:33	595	3.7393	-	-
04:57:31	594	3.2900	-	-
04:57:29	593	2.3904	-	-
04:57:29	592	1.9167	-	-
04:57:27	591	3.5155	-	-
04:57:25	590	3.2399	-	-
04:57:23	589	2.3039	-	-
04:57:21	588	0.6669	-	-
04:57:19	587	2.5203	-	-
04:57:17	586	2.2268	-	-
04:57:17	585	0.6249	-	-
04:57:15	584	4.0973	-	-
04:57:13	583	1.6332	-	-
04:57:11	582	1.2014	-	-
04:57:09	581	2.6465	-	-
04:57:07	580	3.4233	-	-
04:57:07	579	0.9214	-	-
04:57:04	578	2.2449	-	-
04:57:02	577	0.6055	-	-
04:57:00	576	2.3370	-	-
04:56:58	575	1.7489	-	-
04:56:58	574	1.9103	-	-
04:56:56	573	3.4378	-	-
04:56:54	572	2.7175	-	-
04:56:52	571	2.3494	-	-
04:56:50	570	3.0978	-	-
04:56:50	569	2.3270	-	-
04:56:48	568	3.2755	-	-
04:56:46	567	3.4899	-	-
04:56:44	566	2.8410	-	-
04:56:42	565	1.3717	-	-
04:56:40	564	2.6478	-	-
04:56:40	563	3.4103	-	-
04:56:38	562	3.5101	-	-
04:56:36	561	0.3565	-	-
04:56:34	560	2.0562	-	-
04:56:32	559	0.7961	-	-
04:56:32	558	1.8000	-	-
04:56:30	557	2.0909	-	-
04:56:28	556	3.6863	-	-
04:56:26	555	4.5643	-	-
04:56:24	554	3.4749	-	-
04:56:24	553	0.3161	-	-
04:56:22	552	3.3426	-	-
04:56:20	551	1.5470	-	-
04:56:18	550	3.0252	-	-
04:56:16	549	3.8557	-	-
04:56:16	548	1.6009	-	-
04:56:14	547	2.7591	-	-
04:56:12	546	2.9469	-	-
04:56:10	545	2.1563	-	-
04:56:10	544	1.7675	-	-
04:56:07	543	4.0621	-	-
04:56:05	542	1.9181	-	-
04:56:03	541	2.6505	-	-
04:56:01	540	0.6918	-	-
04:55:59	539	3.7367	-	-
04:55:59	538	1.5890	-	-
04:55:57	537	2.8698	-	-
04:55:55	536	3.0844	-	-
04:55:53	535	2.4560	-	-
04:55:51	534	1.3811	-	-
04:55:49	533	2.6704	-	-
04:55:49	532	1.6664	-	-
04:55:47	531	2.1950	-	-
04:55:45	530	3.5184	-	-
04:55:43	529	3.9265	-	-
04:55:41	528	1.9783	-	-
04:55:41	527	3.5161	-	-
04:55:39	526	3.3214	-	-
04:55:37	525	2.2358	-	-
04:55:35	524	1.9474	-	-
04:55:33	523	1.2285	-	-
04:55:33	522	1.2866	-	-
04:55:31	521	4.0257	-	-
04:55:29	520	0.3179	-	-
04:55:27	519	3.1079	-	-
04:55:27	518	4.0458	-	-
04:55:25	517	3.4414	-	-
04:55:23	516	3.2080	-	-
04:55:21	515	3.4456	-	-
04:55:19	514	2.3499	-	-
04:55:19	513	1.1908	-	-
04:55:17	512	3.8881	-	-
04:55:15	511	3.8573	-	-
04:55:12	510	1.4945	-	-
04:55:12	509	2.1737	-	-
04:55:08	508	3.0171	-	-
04:55:08	507	2.0590	-	-
04:55:06	506	4.2260	-	-
04:55:04	505	2.4633	-	-
04:55:02	504	3.4538	-	-
04:55:00	503	3.4185	-	-
04:55:00	502	3.3676	-	-
04:54:58	501	3.4648	-	-
04:54:56	500	3.5260	3.4628	-
04:54:48	499	3.1638	-	-
04:54:46	498	3.2196	-	-
04:54:44	497	3.2164	-	-
04:54:42	496	2.5224	-	-
04:54:40	495	3.5332	-	-
04:54:40	494	1.0172	-	-
04:54:38	493	3.6320	-	-
04:54:36	492	3.7518	-	-
04:54:34	491	2.3644	-	-
04:54:32	490	3.6813	-	-
04:54:32	489	3.4766	-	-
04:54:30	488	3.2927	-	-
04:54:28	487	3.2524	-	-
04:54:26	486	2.8500	-	-
04:54:24	485	3.7628	-	-
04:54:24	484	3.8518	-	-
04:54:22	483	0.5926	-	-
04:54:20	482	3.7422	-	-
04:54:17	481	2.5004	-	-
04:54:17	480	3.3528	-	-
04:54:15	479	2.3730	-	-
04:54:13	478	2.6476	-	-
04:54:11	477	3.4744	-	-
04:54:09	476	3.3244	-	-
04:54:07	475	1.6615	-	-
04:54:07	474	2.6243	-	-
04:54:05	473	2.1755	-	-
04:54:03	472	4.0558	-	-
04:54:01	471	2.1311	-	-
04:53:59	470	3.1974	-	-
04:53:59	469	3.0989	-	-
04:53:57	468	2.9341	-	-
04:53:55	467	2.9691	-	-
04:53:53	466	2.4395	-	-
04:53:51	465	3.1392	-	-
04:53:49	464	3.7099	-	-
04:53:49	463	0.8967	-	-
04:53:47	462	1.3723	-	-
04:53:45	461	4.3759	-	-
04:53:43	460	1.9776	-	-
04:53:41	459	2.7645	-	-
04:53:41	458	1.7294	-	-
04:53:39	457	0.4259	-	-
04:53:37	456	2.8297	-	-
04:53:35	455	3.1100	-	-
04:53:33	454	1.6910	-	-
04:53:30	453	3.5850	-	-
04:53:30	452	1.9122	-	-
04:53:28	451	2.9201	-	-
04:53:26	450	3.8985	-	-
04:53:24	449	2.9901	-	-
04:53:22	448	1.4340	-	-
04:53:22	447	1.2785	-	-
04:53:20	446	3.4755	-	-
04:53:18	445	3.4776	-	-
04:53:16	444	1.8432	-	-
04:53:16	443	2.3623	-	-
04:53:14	442	2.9114	-	-
04:53:12	441	2.2540	-	-
04:53:10	440	3.0746	-	-
04:53:08	439	1.9591	-	-
04:53:06	438	3.5675	-	-
04:53:06	437	2.4474	-	-
04:53:04	436	3.4424	-	-
04:53:02	435	2.7451	-	-
04:53:00	434	2.8522	-	-
04:52:58	433	4.0012	-	-
04:52:58	432	2.4875	-	-
04:52:56	431	3.5858	-	-
04:52:54	430	1.4191	-	-
04:52:52	429	3.8910	-	-
04:52:50	428	3.4011	-	-
04:52:50	427	3.3512	-	-
04:52:48	426	3.2927	-	-
04:52:46	425	2.2080	-	-
04:52:44	424	1.4657	-	-
04:52:44	423	3.1520	-	-
04:52:40	422	1.2793	-	-
04:52:40	421	3.2040	-	-
04:52:38	420	2.2895	-	-
04:52:35	419	1.4504	-	-
04:52:33	418	0.8976	-	-
04:52:33	417	2.7259	-	-
04:52:31	416	3.7681	-	-
04:52:29	415	0.5106	-	-
04:52:27	414	3.8791	-	-
04:52:25	413	3.6455	-	-
04:52:25	412	2.8873	-	-
04:52:23	411	3.5641	-	-
04:52:21	410	3.4391	-	-
04:52:19	409	1.5700	-	-
04:52:17	408	2.4093	-	-
04:52:15	407	2.8435	-	-
04:52:15	406	2.2100	-	-
04:52:07	405	1.9799	-	-
04:52:05	404	3.9511	-	-
04:52:03	403	2.8965	-	-
04:52:01	402	3.7695	-	-
04:52:01	401	2.2861	-	-
04:51:59	400	3.0694	3.5748	-
04:51:51	399	2.0256	-	-
04:51:49	398	3.6230	-	-
04:51:47	397	3.1334	-	-
04:51:45	396	2.6921	-	-
04:51:43	395	3.7098	-	-
04:51:41	394	0.5762	-	-
04:51:41	393	3.6496	-	-
04:51:38	392	1.7981	-	-
04:51:36	391	3.7684	-	-
04:51:34	390	0.7116	-	-
04:51:32	389	2.8504	-	-
04:51:32	388	1.9526	-	-
04:51:30	387	3.8940	-	-
04:51:28	386	2.3572	-	-
04:51:26	385	3.0232	-	-
04:51:24	384	1.0828	-	-
04:51:22	383	0.9503	-	-
04:51:22	382	1.3111	-	-
04:51:20	381	1.0143	-	-
04:51:18	380	3.0208	-	-
04:51:16	379	2.2048	-	-
04:51:14	378	1.1836	-	-
04:51:14	377	1.2720	-	-
04:51:12	376	3.4990	-	-
04:51:10	375	3.5690	-	-
04:51:08	374	2.7046	-	-
04:51:06	373	1.1944	-	-
04:51:04	372	3.6952	-	-
04:51:04	371	3.3480	-	-
04:51:02	370	2.3000	-	-
04:51:00	369	3.5212	-	-
04:50:58	368	3.5607	-	-
04:50:56	367	2.7309	-	-
04:50:56	366	1.2387	-	-
04:50:54	365	3.3618	-	-
04:50:44	364	0.5955	-	-
04:50:42	363	1.6491	-	-
04:50:40	362	1.4228	-	-
04:50:38	361	2.7973	-	-
04:50:35	360	3.2207	-	-
04:50:35	359	0.5577	-	-
04:50:33	358	3.8810	-	-
04:50:31	357	2.1755	-	-
04:50:29	356	2.6009	-	-
04:50:27	355	2.6478	-	-
04:50:25	354	2.5171	-	-
04:50:25	353	2.2949	-	-
04:50:23	352	1.5260	-	-
04:50:21	351	3.3989	-	-
04:50:05	350	1.7720	-	-
04:50:05	349	0.7921	-	-
04:50:03	348	3.0292	-	-
04:50:01	347	1.8580	-	-
04:49:59	346	3.6671	-	-
04:49:57	345	1.3218	-	-
04:49:55	344	1.8758	-	-
04:49:55	343	3.0761	-	-
04:49:53	342	2.8870	-	-
04:49:51	341	3.3768	-	-
04:49:49	340	3.4499	-	-
04:49:41	339	3.1604	-	-
04:49:39	338	0.4637	-	-
04:49:37	337	2.0834	-	-
04:49:35	336	2.9885	-	-
04:49:32	335	2.7859	-	-
04:49:32	334	0.9417	-	-
04:49:30	333	2.5049	-	-
04:49:28	332	3.4541	-	-
04:49:26	331	3.6913	-	-
04:49:24	330	3.4030	-	-
04:49:24	329	0.7029	-	-
04:49:22	328	0.4782	-	-
04:49:20	327	2.1588	-	-
04:49:18	326	1.8427	-	-
04:49:16	325	1.5234	-	-
04:49:16	324	3.6659	-	-
04:49:14	323	3.5667	-	-
04:49:12	322	1.1491	-	-
04:49:10	321	1.4469	-	-
04:49:10	320	3.9259	-	-
04:49:08	319	1.3018	-	-
04:49:06	318	2.5529	-	-
04:49:04	317	3.5837	-	-
04:49:04	316	2.4589	-	-
04:49:02	315	3.9970	-	-
04:49:00	314	2.9604	-	-
04:48:58	313	3.5365	-	-
04:48:56	312	3.0960	-	-
04:48:54	311	2.9656	-	-
04:48:54	310	3.0234	-	-
04:48:52	309	3.8885	-	-
04:48:50	308	0.7950	-	-
04:48:48	307	2.6693	-	-
04:48:48	306	3.4712	-	-
04:48:46	305	2.5743	-	-
04:48:44	304	3.9443	-	-
04:48:42	303	0.7944	-	-
04:48:37	302	2.0037	-	3.0288
04:48:07	301	1.9479	-	-
04:48:05	300	2.6463	3.7560	-
04:47:55	299	3.0741	-	-
04:47:55	298	1.8271	-	-
04:47:53	297	2.1856	-	-
04:47:51	296	3.3657	-	-
04:47:48	295	3.8510	-	-
04:47:40	294	2.3653	-	-
04:47:38	293	3.4060	-	-
04:47:36	292	0.5646	-	-
04:47:34	291	2.5104	-	-
04:47:32	290	3.2821	-	-
04:47:24	289	1.9126	-	-
04:47:22	288	2.2402	-	-
04:47:20	287	1.2101	-	-
04:47:18	286	3.3701	-	-
04:47:16	285	1.8678	-	-
04:47:16	284	3.7568	-	-
04:47:14	283	1.9471	-	-
04:47:12	282	3.8809	-	-
04:47:10	281	3.4712	-	-
04:47:08	280	2.0209	-	-
04:47:06	279	2.6040	-	-
04:47:06	278	1.0720	-	-
04:47:04	277	3.8994	-	-
04:47:02	276	3.5170	-	-
04:47:00	275	3.4400	-	-
04:47:00	274	3.7607	-	-
04:46:58	273	0.9730	-	-
04:46:56	272	1.4747	-	-
04:46:54	271	2.1894	-	-
04:46:52	270	1.6229	-	-
04:46:50	269	2.9909	-	-
04:46:50	268	3.6009	-	-
04:46:47	267	0.5854	-	-
04:46:45	266	2.8952	-	-
04:46:43	265	2.6138	-	-
04:46:41	264	2.3187	-	-
04:46:41	263	0.5514	-	-
04:46:39	262	3.5428	-	-
04:46:37	261	1.8513	-	-
04:46:35	260	2.8507	-	-
04:46:33	259	1.5572	-	-
04:46:33	258	1.5604	-	-
04:46:31	257	1.8367	-	-
04:46:29	256	2.1482	-	-
04:46:27	255	3.6685	-	-
04:46:25	254	2.1403	-	-
04:46:25	253	2.3456	-	-
04:46:23	252	2.8082	-	-
04:46:21	251	3.5888	-	-
04:46:19	250	3.0338	-	-
04:46:09	249	3.3898	-	-
04:46:07	248	2.0297	-	-
04:46:07	247	1.4952	-	-
04:46:05	246	3.6608	-	-
04:46:03	245	3.7487	-	-
04:46:01	244	3.9183	-	-
04:45:59	243	3.3792	-	-
04:45:57	242	2.5406	-	-
04:45:55	241	3.7211	-	-
04:45:55	240	3.4570	-	-
04:45:53	239	3.8826	-	-
04:45:51	238	3.1935	-	-
04:45:49	237	2.7790	-	-
04:45:40	236	3.6297	-	-
04:45:38	235	2.9287	-	-
04:45:36	234	1.2512	-	-
04:45:34	233	3.5760	-	-
04:45:32	232	2.6821	-	-
04:45:32	231	2.0406	-	-
04:45:30	230	3.6821	-	-
04:45:28	229	3.6169	-	-
04:45:26	228	3.3853	-	-
04:45:24	227	3.7183	-	-
04:45:24	226	4.1557	-	-
04:45:22	225	2.6374	-	-
04:45:20	224	3.4213	-	-
04:45:18	223	3.7430	-	-
04:45:16	222	3.7098	-	-
04:45:16	221	1.8561	-	-
04:45:14	220	2.8096	-	-
04:45:12	219	3.1182	-	-
04:45:10	218	3.1427	-	-
04:45:08	217	2.8434	-	-
04:45:08	216	3.6906	-	-
04:45:06	215	2.3413	-	-
04:45:04	214	1.9832	-	-
04:45:02	213	2.9401	-	-
04:45:00	212	0.7892	-	-
04:45:00	211	3.7222	-	-
04:44:52	210	3.5612	-	-
04:44:50	209	3.0213	-	-
04:44:48	208	1.7751	-	-
04:44:45	207	3.2166	-	-
04:44:43	206	3.5693	-	-
04:44:43	205	2.4497	-	-
04:44:41	204	4.1341	-	-
04:44:31	203	3.6814	-	-
04:44:29	202	1.5414	-	-
04:44:27	201	2.5103	-	-
04:44:25	200	3.5141	2.8683	-
04:44:17	199	3.0401	-	-
04:44:15	198	1.3615	-	-
04:44:13	197	1.7469	-	-
04:44:13	196	3.5246	-	-
04:44:11	195	3.3874	-	-
04:44:09	194	2.1842	-	-
04:44:07	193	3.1980	-	-
04:44:07	192	0.7663	-	-
04:44:05	191	1.9398	-	-
04:44:03	190	3.5265	-	-
04:44:01	189	3.0572	-	-
04:43:59	188	1.9551	-	-
04:43:57	187	3.8566	-	-
04:43:57	186	3.8146	-	-
04:43:47	185	3.2281	-	-
04:43:45	184	1.1398	-	-
04:43:42	183	1.8194	-	-
04:43:40	182	3.0052	-	-
04:43:38	181	0.7531	-	-
04:43:36	180	3.0779	-	-
04:43:28	179	3.6054	-	-
04:43:26	178	3.4566	-	-
04:43:24	177	3.4098	-	-
04:43:22	176	3.8724	-	-
04:43:22	175	3.4740	-	-
04:43:20	174	4.1301	-	-
04:43:10	173	1.5235	-	-
04:43:08	172	3.2695	-	-
04:43:06	171	3.0649	-	-
04:43:04	170	1.1788	-	-
04:43:04	169	3.1292	-	-
04:42:56	168	3.5684	-	-
04:42:46	167	1.6252	-	-
04:42:44	166	1.2804	-	-
04:42:42	165	3.7192	-	-
04:42:39	164	3.3548	-	-
04:42:39	163	2.1495	-	-
04:42:37	162	3.7827	-	-
04:42:35	161	2.2469	-	-
04:42:33	160	3.8914	-	-
04:42:31	159	3.2318	-	-
04:42:31	158	4.2617	-	-
04:42:29	157	3.5182	-	-
04:42:27	156	3.0740	-	-
04:42:25	155	2.0130	-	-
04:42:25	154	0.7863	-	-
04:42:23	153	3.7312	-	-
04:42:21	152	2.2134	-	-
04:42:19	151	3.6026	-	-
04:42:17	150	3.1169	-	-
04:42:17	149	0.9670	-	-
04:42:15	148	1.8895	-	-
04:42:13	147	3.0823	-	-
04:42:11	146	3.6526	-	-
04:42:09	145	1.4085	-	-
04:42:07	144	3.0249	-	-
04:41:59	143	1.7689	-	-
04:41:57	142	3.3021	-	-
04:41:47	141	3.0555	-	-
04:41:44	140	3.8858	-	-
04:41:42	139	3.4281	-	-
04:41:42	138	4.0875	-	-
04:41:40	137	3.5258	-	-
04:41:38	136	2.5346	-	-
04:41:36	135	3.0782	-	-
04:41:34	134	2.1648	-	-
04:41:26	133	3.6076	-	-
04:41:24	132	3.1349	-	-
04:41:22	131	2.7412	-	-
04:41:20	130	3.7510	-	-
04:41:18	129	3.7427	-	-
04:41:16	128	3.2355	-	-
04:41:14	127	1.1102	-	-
04:41:08	126	1.8780	-	-
04:41:06	125	3.5114	-	-
04:41:04	124	3.6801	-	-
04:40:56	123	3.0575	-	-
04:40:54	122	1.4480	-	-
04:40:52	121	3.7778	-	-
04:40:50	120	4.5680	-	-
04:40:47	119	3.2302	-	-
04:40:45	118	1.9426	-	-
04:40:45	117	3.4676	-	-
04:40:43	116	1.5597	-	-
04:40:41	115	1.3093	-	-
04:40:39	114	3.9224	-	-
04:40:39	113	2.7246	-	-
04:40:37	112	4.0403	-	-
04:40:35	111	1.7101	-	-
04:40:33	110	2.4658	-	-
04:40:31	109	3.1204	-	-
04:40:29	108	3.5843	-	-
04:40:21	107	2.9533	-	-
04:40:11	106	3.6311	-	-
04:40:09	105	3.4348	-	-
04:40:01	104	3.3336	-	-
04:39:59	103	3.2170	-	-
04:39:49	102	3.4130	-	-
04:39:46	101	3.8221	-	-
04:39:44	100	3.4305	3.0276	-
04:39:36	99	2.3801	-	-
04:39:27	98	1.7545	-	-
04:39:25	97	3.0287	-	-
04:39:23	96	3.2617	-	-
04:39:21	95	3.1280	-	-
04:39:19	94	3.7094	-	-
04:39:19	93	2.2652	-	-
04:39:17	92	2.7557	-	-
04:39:15	91	3.1797	-	-
04:39:13	90	2.9979	-	-
04:39:11	89	2.3936	-	-
04:39:08	88	3.6929	-	-
04:39:06	87	1.2290	-	-
04:39:06	86	3.8378	-	-
04:38:56	85	3.7144	-	-
04:38:54	84	2.9112	-	-
04:38:52	83	3.3101	-	-
04:38:44	82	3.7380	-	-
04:38:42	81	2.1676	-	-
04:38:40	80	3.5329	-	-
04:38:30	79	4.0364	-	-
04:38:28	78	3.7239	-	-
04:38:26	77	1.6984	-	-
04:38:26	76	3.6122	-	-
04:38:24	75	2.7841	-	-
04:38:22	74	0.9281	-	-
04:38:12	73	1.2237	-	-
04:38:12	72	4.0430	-	-
04:38:09	71	3.0800	-	-
04:38:07	70	3.1360	-	-
04:38:05	69	1.8597	-	-
04:38:03	68	3.6836	-	-
04:38:01	67	1.4099	-	-
04:38:01	66	1.0222	-	-
04:37:59	65	2.4093	-	-
04:37:49	64	3.7374	-	-
04:37:47	63	3.1464	-	-
04:37:45	62	3.4314	-	-
04:37:43	61	3.0368	-	-
04:37:43	60	0.7635	-	-
04:37:35	59	2.7989	-	-
04:37:33	58	4.1265	-	-
04:37:31	57	3.5832	-	-
04:37:29	56	3.5262	-	-
04:37:27	55	3.2367	-	-
04:37:27	54	1.8521	-	-
04:37:25	53	3.2773	-	-
04:37:23	52	1.9553	-	-
04:37:21	51	3.7502	-	-
04:37:21	50	2.9729	-	-
04:37:17	49	1.9180	-	-
04:37:14	48	3.6391	-	-
04:37:14	47	1.3991	-	-
04:37:12	46	4.0571	-	-
04:37:10	45	2.4255	-	-
04:37:08	44	3.5778	-	-
04:37:06	43	3.6826	-	-
04:37:06	42	3.6855	-	-
04:36:58	41	3.7207	-	-
04:36:56	40	2.6741	-	-
04:36:54	39	1.9320	-	-
04:36:46	38	3.4533	-	-
04:36:44	37	3.6534	-	-
04:36:42	36	3.7261	-	-
04:36:40	35	3.2727	-	-
04:36:38	34	1.0454	-	-
04:36:38	33	2.8677	-	-
04:36:28	32	2.6704	-	-
04:36:26	31	3.2897	-	-
04:36:24	30	3.6338	-	-
04:36:22	29	2.3474	-	-
04:36:20	28	2.8830	-	-
04:36:17	27	3.5598	-	-
04:36:09	26	3.7784	-	-
04:35:59	25	3.1817	-	-
04:35:57	24	2.3220	-	-
04:35:55	23	3.8184	-	-
04:35:53	22	1.2163	-	-
04:35:51	21	1.4887	-	-
04:35:49	20	4.2593	-	-
04:35:47	19	3.5210	-	-
04:35:47	18	3.1312	-	-
04:35:37	17	2.0244	-	-
04:35:35	16	3.0941	-	-
04:35:33	15	2.9224	-	-
04:35:31	14	3.8456	-	-
04:35:29	13	1.1031	-	-
04:35:27	12	2.9052	-	-
04:35:25	11	3.5339	-	-
04:35:24	10	3.4774	-	-
04:35:22	9	2.8713	-	-
04:35:20	8	1.2210	-	-
04:35:18	7	2.9816	-	-
04:35:16	6	3.8512	-	-
04:35:14	5	1.2717	-	-
04:35:12	4	3.9702	-	-
04:35:10	3	2.5725	-	-
04:35:08	2	2.4114	-	-
04:35:06	1	1.0444	-	-
